term,estimate,std.error,statistic,p.value,conf.low,conf.high,outcome
rel::-48:treated,1.47720006132585,,,,,,hicp_yoy
rel::-47:treated,1.06463930905462,,,,,,hicp_yoy
rel::-46:treated,0.920503222260312,,,,,,hicp_yoy
rel::-45:treated,1.0241305028733,,,,,,hicp_yoy
rel::-44:treated,1.30629588753066,,,,,,hicp_yoy
rel::-43:treated,1.14470210037748,,,,,,hicp_yoy
rel::-42:treated,0.517881017507774,,,,,,hicp_yoy
rel::-41:treated,0.532822030000403,,,,,,hicp_yoy
rel::-40:treated,0.0330118416541588,,,,,,hicp_yoy
rel::-39:treated,0.879988491906641,,,,,,hicp_yoy
rel::-38:treated,1.29390370363109,,,,,,hicp_yoy
rel::-37:treated,1.59599133019174,,,,,,hicp_yoy
rel::-36:treated,1.35894197316441,,,,,,hicp_yoy
rel::-35:treated,1.55056504260575,,,,,,hicp_yoy
rel::-34:treated,1.72520743258711,,,,,,hicp_yoy
rel::-33:treated,1.81985219263199,,,,,,hicp_yoy
rel::-32:treated,1.71368882961756,,,,,,hicp_yoy
rel::-31:treated,1.95844182094161,,,,,,hicp_yoy
rel::-30:treated,2.42331982989431,,,,,,hicp_yoy
rel::-29:treated,2.17143285185566,,,,,,hicp_yoy
rel::-28:treated,2.0313895096044,,,,,,hicp_yoy
rel::-27:treated,2.01998070756782,,,,,,hicp_yoy
rel::-26:treated,2.42654888881961,,,,,,hicp_yoy
rel::-25:treated,1.95817391509153,,,,,,hicp_yoy
rel::-24:treated,0.662934853360528,,,,,,hicp_yoy
rel::-23:treated,0.189744214844173,,,,,,hicp_yoy
rel::-22:treated,-0.248801633039023,,,,,,hicp_yoy
rel::-21:treated,-0.756172224387791,,,,,,hicp_yoy
rel::-20:treated,-1.10275551709751,,,,,,hicp_yoy
rel::-19:treated,-1.41207472094847,,,,,,hicp_yoy
rel::-18:treated,-1.63816672877918,,,,,,hicp_yoy
rel::-17:treated,-1.61890381202921,,,,,,hicp_yoy
rel::-16:treated,-1.37595957652698,,,,,,hicp_yoy
rel::-15:treated,-1.79320138666463,,,,,,hicp_yoy
rel::-14:treated,-3.13836265036783,,,,,,hicp_yoy
rel::-13:treated,-3.15836122774418,,,,,,hicp_yoy
rel::-12:treated,-4.92633059733701,,,,,,hicp_yoy
rel::-11:treated,-4.58311169252857,,,,,,hicp_yoy
rel::-10:treated,-3.72201287530031,,,,,,hicp_yoy
rel::-9:treated,-3.41193993977766,,,,,,hicp_yoy
rel::-8:treated,-3.01935442345271,,,,,,hicp_yoy
rel::-7:treated,-2.58152895953315,,,,,,hicp_yoy
rel::-6:treated,-2.56575409600788,,,,,,hicp_yoy
rel::-5:treated,-2.05828121850422,,,,,,hicp_yoy
rel::-4:treated,-1.97043665706487,,,,,,hicp_yoy
rel::-3:treated,-1.83436823539085,,,,,,hicp_yoy
rel::-2:treated,-0.466153709271992,,,,,,hicp_yoy
rel::0:treated,1.03494288441539,,,,,,hicp_yoy
rel::1:treated,0.825214965574062,,,,,,hicp_yoy
rel::2:treated,-0.197024642067792,,,,,,hicp_yoy
rel::3:treated,-0.0562225159927028,,,,,,hicp_yoy
rel::4:treated,-0.148715047767197,,,,,,hicp_yoy
rel::5:treated,-0.27414743608548,,,,,,hicp_yoy
rel::6:treated,0.491080495839752,,,,,,hicp_yoy
rel::7:treated,0.238555683704134,,,,,,hicp_yoy
rel::8:treated,0.135317241828629,,,,,,hicp_yoy
rel::9:treated,0.177821042360112,,,,,,hicp_yoy
rel::10:treated,-0.314579808425267,,,,,,hicp_yoy
rel::11:treated,-0.745930373842839,,,,,,hicp_yoy
rel::12:treated,-0.641272522591551,,,,,,hicp_yoy
rel::13:treated,-0.717408582611331,,,,,,hicp_yoy
rel::14:treated,-0.31101612061225,,,,,,hicp_yoy
rel::15:treated,-0.382687658992627,,,,,,hicp_yoy
rel::16:treated,-0.490914886141572,,,,,,hicp_yoy
rel::17:treated,-0.404257520885751,,,,,,hicp_yoy
rel::18:treated,-0.918566612886124,,,,,,hicp_yoy
rel::19:treated,-0.70992425950539,,,,,,hicp_yoy
rel::20:treated,-1.01447382064984,,,,,,hicp_yoy
rel::21:treated,-0.930335271332061,,,,,,hicp_yoy
rel::22:treated,-1.15308763297469,,,,,,hicp_yoy
rel::23:treated,-1.28271450777587,,,,,,hicp_yoy
rel::24:treated,1.04040147908039,,,,,,hicp_yoy
rel::25:treated,1.31623396982219,,,,,,hicp_yoy
rel::26:treated,1.70885324955011,,,,,,hicp_yoy
rel::27:treated,2.04981828970042,,,,,,hicp_yoy
rel::28:treated,2.00035852379613,,,,,,hicp_yoy
rel::29:treated,1.84735623946108,,,,,,hicp_yoy
rel::30:treated,1.65108790353151,,,,,,hicp_yoy
rel::31:treated,1.78325706833551,,,,,,hicp_yoy
rel::32:treated,1.97665655792195,,,,,,hicp_yoy
rel::33:treated,1.62326083552461,,,,,,hicp_yoy
rel::34:treated,1.65016562394184,,,,,,hicp_yoy
rel::35:treated,1.55529856083685,,,,,,hicp_yoy
rel::36:treated,-0.0290201956008003,,,,,,hicp_yoy
rel::37:treated,-0.184935218381773,,,,,,hicp_yoy
rel::38:treated,-0.483353850757842,,,,,,hicp_yoy
rel::39:treated,-0.501142435774263,,,,,,hicp_yoy
rel::40:treated,-0.395257884826083,,,,,,hicp_yoy
rel::41:treated,-0.311491227944212,,,,,,hicp_yoy
rel::42:treated,0.229148012213854,,,,,,hicp_yoy
rel::43:treated,0.0419596381522431,,,,,,hicp_yoy
rel::44:treated,0.0381240741982437,,,,,,hicp_yoy
rel::45:treated,0.119461931667041,,,,,,hicp_yoy
rel::46:treated,0.413501808137551,,,,,,hicp_yoy
rel::47:treated,0.727858747981253,,,,,,hicp_yoy
rel::48:treated,0.322882793884687,,,,,,hicp_yoy
rel::49:treated,0.271563818664117,,,,,,hicp_yoy
rel::50:treated,0.179691622158172,,,,,,hicp_yoy
rel::51:treated,-0.231888496700419,,,,,,hicp_yoy
rel::52:treated,0.289690663584765,,,,,,hicp_yoy
rel::53:treated,-0.0978232158433105,,,,,,hicp_yoy
rel::54:treated,-0.0181881019243564,,,,,,hicp_yoy
rel::55:treated,-0.0473279794051841,,,,,,hicp_yoy
rel::56:treated,-0.160537634455619,,,,,,hicp_yoy
rel::57:treated,-0.339284275502514,,,,,,hicp_yoy
rel::58:treated,-0.776817506460531,,,,,,hicp_yoy
rel::59:treated,-1.37692766114374,,,,,,hicp_yoy
rel::60:treated,-0.589271991209968,,,,,,hicp_yoy
rel::61:treated,-0.659007983018959,,,,,,hicp_yoy
rel::62:treated,-0.698512942829611,,,,,,hicp_yoy
rel::63:treated,-0.536857086090546,,,,,,hicp_yoy
rel::64:treated,-0.780669231986128,,,,,,hicp_yoy
rel::65:treated,-0.316799384596528,,,,,,hicp_yoy
rel::66:treated,-0.888929934785472,,,,,,hicp_yoy
rel::67:treated,-1.1214816001952,,,,,,hicp_yoy
rel::68:treated,-1.1350667320988,,,,,,hicp_yoy
rel::69:treated,-1.05459284829132,,,,,,hicp_yoy
rel::70:treated,-0.863376029465765,,,,,,hicp_yoy
rel::71:treated,-0.367215454018614,,,,,,hicp_yoy
rel::72:treated,-0.645038997138506,,,,,,hicp_yoy
rel::73:treated,-0.835695957908548,,,,,,hicp_yoy
rel::74:treated,-0.726660799314223,,,,,,hicp_yoy
rel::75:treated,-0.868538657104655,,,,,,hicp_yoy
rel::76:treated,-1.02829958742592,,,,,,hicp_yoy
rel::77:treated,-1.22860253721447,,,,,,hicp_yoy
rel::78:treated,-0.956298523486391,,,,,,hicp_yoy
rel::79:treated,-0.656756987027019,,,,,,hicp_yoy
rel::80:treated,-1.05621046027894,,,,,,hicp_yoy
rel::81:treated,-0.865202124884729,,,,,,hicp_yoy
rel::82:treated,-0.616385829181431,,,,,,hicp_yoy
rel::83:treated,-0.596914759080588,,,,,,hicp_yoy
rel::84:treated,-1.37070389594298,,,,,,hicp_yoy
rel::85:treated,-1.05037448376218,,,,,,hicp_yoy
rel::86:treated,-1.02861029862572,,,,,,hicp_yoy
rel::87:treated,-1.12586692129524,,,,,,hicp_yoy
rel::88:treated,-0.984085723434846,,,,,,hicp_yoy
rel::89:treated,-0.864073362815105,,,,,,hicp_yoy
rel::90:treated,-1.5925679573721,,,,,,hicp_yoy
rel::91:treated,-1.62569994648195,,,,,,hicp_yoy
rel::92:treated,-1.25780945438151,,,,,,hicp_yoy
rel::93:treated,-1.3576915873633,,,,,,hicp_yoy
rel::94:treated,-2.05404927261747,,,,,,hicp_yoy
rel::95:treated,-2.12900844063205,,,,,,hicp_yoy
rel::96:treated,-1.75139786921945,,,,,,hicp_yoy
rel::97:treated,-1.64729273331944,,,,,,hicp_yoy
rel::98:treated,-1.78828563743807,,,,,,hicp_yoy
rel::99:treated,-1.50063589410006,,,,,,hicp_yoy
rel::100:treated,-1.59141956302913,,,,,,hicp_yoy
rel::101:treated,-1.62125390589225,,,,,,hicp_yoy
rel::102:treated,-1.14494376657232,,,,,,hicp_yoy
rel::103:treated,-0.996484220172212,,,,,,hicp_yoy
rel::104:treated,-0.960124375782272,,,,,,hicp_yoy
rel::105:treated,-1.18747280461183,,,,,,hicp_yoy
rel::106:treated,-0.640906490592909,,,,,,hicp_yoy
rel::107:treated,-0.439946671070304,,,,,,hicp_yoy
rel::108:treated,0.279328911982815,,,,,,hicp_yoy
rel::109:treated,0.392659183783206,,,,,,hicp_yoy
rel::110:treated,0.724111440347452,,,,,,hicp_yoy
rel::111:treated,0.994949526397032,,,,,,hicp_yoy
rel::112:treated,0.451427187570933,,,,,,hicp_yoy
rel::113:treated,0.192020343112995,,,,,,hicp_yoy
rel::114:treated,0.175314958539158,,,,,,hicp_yoy
rel::115:treated,0.204937962127876,,,,,,hicp_yoy
rel::116:treated,0.360099230655498,,,,,,hicp_yoy
rel::117:treated,0.201084940643971,,,,,,hicp_yoy
rel::118:treated,0.118762697340423,,,,,,hicp_yoy
rel::119:treated,-0.00865929101341767,,,,,,hicp_yoy
rel::120:treated,-0.0361742244686152,,,,,,hicp_yoy
rel::121:treated,-0.356930931402497,,,,,,hicp_yoy
rel::122:treated,-0.0771505118243105,,,,,,hicp_yoy
rel::123:treated,-0.261650335642541,,,,,,hicp_yoy
rel::124:treated,-0.0835570125230425,,,,,,hicp_yoy
rel::125:treated,0.0834137169840421,,,,,,hicp_yoy
rel::126:treated,0.212189694587625,,,,,,hicp_yoy
rel::127:treated,0.100998037972534,,,,,,hicp_yoy
rel::128:treated,0.242548902695091,,,,,,hicp_yoy
rel::129:treated,-0.0278600839772407,,,,,,hicp_yoy
rel::130:treated,-0.102645677849408,,,,,,hicp_yoy
rel::131:treated,-0.29746012382912,,,,,,hicp_yoy
rel::132:treated,-0.779430923602764,,,,,,hicp_yoy
rel::133:treated,-0.861555353235553,,,,,,hicp_yoy
rel::134:treated,-1.36865591177381,,,,,,hicp_yoy
rel::135:treated,-1.38290384412751,,,,,,hicp_yoy
rel::136:treated,-1.24013161547221,,,,,,hicp_yoy
rel::137:treated,-1.8133582315641,,,,,,hicp_yoy
rel::138:treated,-2.0534618210468,,,,,,hicp_yoy
rel::139:treated,-2.29867232664468,,,,,,hicp_yoy
rel::140:treated,-2.18713911472612,,,,,,hicp_yoy
rel::141:treated,-1.55853367677547,,,,,,hicp_yoy
rel::142:treated,-1.44912495264975,,,,,,hicp_yoy
rel::143:treated,-0.980524618756924,,,,,,hicp_yoy
rel::144:treated,-1.69786912584294,,,,,,hicp_yoy
rel::145:treated,-1.44578481482636,,,,,,hicp_yoy
rel::146:treated,-1.02608696285023,,,,,,hicp_yoy
rel::147:treated,-1.61190027079095,,,,,,hicp_yoy
rel::148:treated,-0.911485464242802,,,,,,hicp_yoy
rel::149:treated,-0.227028701119256,,,,,,hicp_yoy
rel::150:treated,0.00258196307957281,,,,,,hicp_yoy
rel::151:treated,-0.0701931875201746,,,,,,hicp_yoy
rel::152:treated,-0.240122646450808,,,,,,hicp_yoy
rel::153:treated,-0.66147376778135,,,,,,hicp_yoy
rel::154:treated,-0.246718420315561,,,,,,hicp_yoy
rel::155:treated,-0.561241583419691,,,,,,hicp_yoy
rel::156:treated,-1.32729415081609,,,,,,hicp_yoy
rel::157:treated,-1.94932360596893,,,,,,hicp_yoy
rel::158:treated,-2.60110767026967,,,,,,hicp_yoy
rel::159:treated,-2.6201333493605,,,,,,hicp_yoy
rel::160:treated,-3.71607434911629,,,,,,hicp_yoy
rel::161:treated,-4.22221015370421,,,,,,hicp_yoy
rel::162:treated,-4.676641055637,,,,,,hicp_yoy
rel::163:treated,-3.95723331373295,,,,,,hicp_yoy
rel::164:treated,-4.48767599887214,,,,,,hicp_yoy
rel::165:treated,-1.30874335891043,,,,,,hicp_yoy
rel::166:treated,-2.35894338861511,,,,,,hicp_yoy
rel::167:treated,-1.98475825672527,,,,,,hicp_yoy
rel::168:treated,-4.22927137747078,,,,,,hicp_yoy
rel::169:treated,-3.24356850279115,,,,,,hicp_yoy
rel::170:treated,-1.87322213895806,,,,,,hicp_yoy
rel::171:treated,-0.48038517253551,,,,,,hicp_yoy
rel::172:treated,-0.39258861001542,,,,,,hicp_yoy
rel::173:treated,-0.0734459125748173,,,,,,hicp_yoy
rel::174:treated,-0.0969079800095687,,,,,,hicp_yoy
rel::175:treated,-0.706902044147291,,,,,,hicp_yoy
rel::176:treated,0.461345962011168,,,,,,hicp_yoy
rel::177:treated,-1.93263422257188,,,,,,hicp_yoy
rel::178:treated,-1.38151726344984,,,,,,hicp_yoy
rel::179:treated,-1.23561035482808,,,,,,hicp_yoy
rel::-60:treated,6.10000000000319,,,,,,unemp_rate
rel::-59:treated,6.00000000000328,,,,,,unemp_rate
rel::-58:treated,6.40000000000321,,,,,,unemp_rate
rel::-57:treated,6.50000000000327,,,,,,unemp_rate
rel::-56:treated,5.90000000000317,,,,,,unemp_rate
rel::-55:treated,6.0000000000032,,,,,,unemp_rate
rel::-54:treated,5.80000000000329,,,,,,unemp_rate
rel::-53:treated,5.40000000000334,,,,,,unemp_rate
rel::-52:treated,5.40000000000303,,,,,,unemp_rate
rel::-51:treated,4.90000000000314,,,,,,unemp_rate
rel::-50:treated,5.10000000000308,,,,,,unemp_rate
rel::-49:treated,5.50000000000304,,,,,,unemp_rate
rel::-48:treated,4.70000000000306,,,,,,unemp_rate
rel::-47:treated,4.60000000000312,,,,,,unemp_rate
rel::-46:treated,4.90000000000316,,,,,,unemp_rate
rel::-45:treated,4.30000000000308,,,,,,unemp_rate
rel::-44:treated,4.20000000000326,,,,,,unemp_rate
rel::-43:treated,4.20000000000302,,,,,,unemp_rate
rel::-42:treated,4.00000000000311,,,,,,unemp_rate
rel::-41:treated,3.9000000000032,,,,,,unemp_rate
rel::-40:treated,4.00000000000308,,,,,,unemp_rate
rel::-39:treated,3.80000000000312,,,,,,unemp_rate
rel::-38:treated,3.60000000000325,,,,,,unemp_rate
rel::-37:treated,3.20000000000311,,,,,,unemp_rate
rel::-36:treated,2.80000000000309,,,,,,unemp_rate
rel::-35:treated,3.00000000000306,,,,,,unemp_rate
rel::-34:treated,2.10000000000305,,,,,,unemp_rate
rel::-33:treated,2.40000000000318,,,,,,unemp_rate
rel::-32:treated,2.40000000000307,,,,,,unemp_rate
rel::-31:treated,1.70000000000321,,,,,,unemp_rate
rel::-30:treated,1.80000000000314,,,,,,unemp_rate
rel::-29:treated,2.10000000000322,,,,,,unemp_rate
rel::-28:treated,1.3000000000031,,,,,,unemp_rate
rel::-27:treated,1.60000000000316,,,,,,unemp_rate
rel::-26:treated,1.60000000000322,,,,,,unemp_rate
rel::-25:treated,1.20000000000314,,,,,,unemp_rate
rel::-24:treated,1.30000000000313,,,,,,unemp_rate
rel::-23:treated,1.30000000000331,,,,,,unemp_rate
rel::-22:treated,1.20000000000314,,,,,,unemp_rate
rel::-21:treated,1.50000000000323,,,,,,unemp_rate
rel::-20:treated,1.6000000000031,,,,,,unemp_rate
rel::-19:treated,1.60000000000321,,,,,,unemp_rate
rel::-18:treated,2.10000000000312,,,,,,unemp_rate
rel::-17:treated,2.30000000000325,,,,,,unemp_rate
rel::-16:treated,1.80000000000331,,,,,,unemp_rate
rel::-15:treated,1.6000000000032,,,,,,unemp_rate
rel::-14:treated,1.60000000000357,,,,,,unemp_rate
rel::-13:treated,1.20000000000301,,,,,,unemp_rate
rel::-12:treated,1.50000000000309,,,,,,unemp_rate
rel::-11:treated,1.500000000003,,,,,,unemp_rate
rel::-10:treated,1.40000000000305,,,,,,unemp_rate
rel::-9:treated,1.60000000000311,,,,,,unemp_rate
rel::-8:treated,1.80000000000305,,,,,,unemp_rate
rel::-7:treated,1.00000000000308,,,,,,unemp_rate
rel::-6:treated,0.800000000003029,,,,,,unemp_rate
rel::-5:treated,0.600000000003072,,,,,,unemp_rate
rel::-4:treated,0.100000000003001,,,,,,unemp_rate
rel::-3:treated,0.200000000003064,,,,,,unemp_rate
rel::-2:treated,0.200000000003105,,,,,,unemp_rate
rel::0:treated,0.300000000003172,,,,,,unemp_rate
rel::1:treated,0.400000000003036,,,,,,unemp_rate
rel::2:treated,0.600000000003056,,,,,,unemp_rate
rel::3:treated,0.600000000003006,,,,,,unemp_rate
rel::4:treated,0.70000000000328,,,,,,unemp_rate
rel::5:treated,1.20000000000318,,,,,,unemp_rate
rel::6:treated,1.00000000000307,,,,,,unemp_rate
rel::7:treated,0.900000000003111,,,,,,unemp_rate
rel::8:treated,1.4000000000031,,,,,,unemp_rate
rel::9:treated,1.70000000000306,,,,,,unemp_rate
rel::10:treated,2.10000000000298,,,,,,unemp_rate
rel::11:treated,2.50000000000331,,,,,,unemp_rate
rel::12:treated,2.60000000000313,,,,,,unemp_rate
rel::13:treated,2.7000000000033,,,,,,unemp_rate
rel::14:treated,3.00000000000314,,,,,,unemp_rate
rel::15:treated,3.10000000000321,,,,,,unemp_rate
rel::16:treated,3.00000000000329,,,,,,unemp_rate
rel::17:treated,3.1000000000033,,,,,,unemp_rate
rel::18:treated,2.70000000000333,,,,,,unemp_rate
rel::19:treated,2.80000000000332,,,,,,unemp_rate
rel::20:treated,3.00000000000315,,,,,,unemp_rate
rel::21:treated,2.6000000000031,,,,,,unemp_rate
rel::22:treated,2.60000000000332,,,,,,unemp_rate
rel::23:treated,2.70000000000322,,,,,,unemp_rate
rel::24:treated,2.5000000000031,,,,,,unemp_rate
rel::25:treated,2.30000000000317,,,,,,unemp_rate
rel::26:treated,2.70000000000308,,,,,,unemp_rate
rel::27:treated,2.30000000000314,,,,,,unemp_rate
rel::28:treated,2.30000000000312,,,,,,unemp_rate
rel::29:treated,2.40000000000323,,,,,,unemp_rate
rel::30:treated,2.40000000000317,,,,,,unemp_rate
rel::31:treated,2.60000000000321,,,,,,unemp_rate
rel::32:treated,2.60000000000317,,,,,,unemp_rate
rel::33:treated,2.90000000000331,,,,,,unemp_rate
rel::34:treated,2.90000000000321,,,,,,unemp_rate
rel::35:treated,3.00000000000325,,,,,,unemp_rate
rel::36:treated,2.90000000000328,,,,,,unemp_rate
rel::37:treated,2.40000000000326,,,,,,unemp_rate
rel::38:treated,2.60000000000322,,,,,,unemp_rate
rel::39:treated,2.90000000000323,,,,,,unemp_rate
rel::40:treated,2.6000000000032,,,,,,unemp_rate
rel::41:treated,2.60000000000333,,,,,,unemp_rate
rel::42:treated,2.70000000000329,,,,,,unemp_rate
rel::43:treated,2.30000000000333,,,,,,unemp_rate
rel::44:treated,2.70000000000322,,,,,,unemp_rate
rel::45:treated,2.60000000000324,,,,,,unemp_rate
rel::46:treated,2.30000000000326,,,,,,unemp_rate
rel::47:treated,2.80000000000321,,,,,,unemp_rate
rel::48:treated,3.2000000000032,,,,,,unemp_rate
rel::49:treated,2.50000000000348,,,,,,unemp_rate
rel::50:treated,2.70000000000351,,,,,,unemp_rate
rel::51:treated,3.10000000000353,,,,,,unemp_rate
rel::52:treated,2.70000000000347,,,,,,unemp_rate
rel::53:treated,3.30000000000336,,,,,,unemp_rate
rel::54:treated,3.30000000000334,,,,,,unemp_rate
rel::55:treated,2.50000000000334,,,,,,unemp_rate
rel::56:treated,2.80000000000343,,,,,,unemp_rate
rel::57:treated,3.10000000000327,,,,,,unemp_rate
rel::58:treated,2.50000000000324,,,,,,unemp_rate
rel::59:treated,2.80000000000324,,,,,,unemp_rate
rel::60:treated,3.00000000000307,,,,,,unemp_rate
rel::61:treated,3.00000000000326,,,,,,unemp_rate
rel::62:treated,2.70000000000324,,,,,,unemp_rate
rel::63:treated,2.90000000000323,,,,,,unemp_rate
rel::64:treated,3.00000000000323,,,,,,unemp_rate
rel::65:treated,2.80000000000326,,,,,,unemp_rate
rel::66:treated,3.00000000000315,,,,,,unemp_rate
rel::67:treated,2.40000000000321,,,,,,unemp_rate
rel::68:treated,2.60000000000321,,,,,,unemp_rate
rel::69:treated,2.60000000000322,,,,,,unemp_rate
rel::70:treated,1.90000000000322,,,,,,unemp_rate
rel::71:treated,2.20000000000321,,,,,,unemp_rate
rel::72:treated,2.30000000000329,,,,,,unemp_rate
rel::73:treated,2.00000000000325,,,,,,unemp_rate
rel::74:treated,1.90000000000326,,,,,,unemp_rate
rel::75:treated,2.20000000000326,,,,,,unemp_rate
rel::76:treated,2.30000000000323,,,,,,unemp_rate
rel::77:treated,2.20000000000326,,,,,,unemp_rate
rel::78:treated,2.10000000000322,,,,,,unemp_rate
rel::79:treated,2.30000000000327,,,,,,unemp_rate
rel::80:treated,2.10000000000317,,,,,,unemp_rate
rel::81:treated,2.10000000000325,,,,,,unemp_rate
rel::82:treated,2.00000000000318,,,,,,unemp_rate
rel::83:treated,1.80000000000319,,,,,,unemp_rate
rel::84:treated,1.9000000000033,,,,,,unemp_rate
rel::85:treated,1.80000000000323,,,,,,unemp_rate
rel::86:treated,1.80000000000326,,,,,,unemp_rate
rel::87:treated,1.80000000000333,,,,,,unemp_rate
rel::88:treated,1.70000000000322,,,,,,unemp_rate
rel::89:treated,1.20000000000321,,,,,,unemp_rate
rel::90:treated,1.20000000000321,,,,,,unemp_rate
rel::91:treated,1.50000000000319,,,,,,unemp_rate
rel::92:treated,1.10000000000327,,,,,,unemp_rate
rel::93:treated,1.00000000000325,,,,,,unemp_rate
rel::94:treated,1.10000000000351,,,,,,unemp_rate
rel::95:treated,0.9000000000035,,,,,,unemp_rate
rel::96:treated,1.00000000000326,,,,,,unemp_rate
rel::97:treated,0.900000000003465,,,,,,unemp_rate
rel::98:treated,0.900000000003497,,,,,,unemp_rate
rel::99:treated,0.800000000003326,,,,,,unemp_rate
rel::100:treated,1.10000000000351,,,,,,unemp_rate
rel::101:treated,0.800000000003286,,,,,,unemp_rate
rel::102:treated,0.800000000003433,,,,,,unemp_rate
rel::103:treated,0.800000000003202,,,,,,unemp_rate
rel::104:treated,0.800000000003328,,,,,,unemp_rate
rel::105:treated,0.800000000003262,,,,,,unemp_rate
rel::106:treated,1.00000000000342,,,,,,unemp_rate
rel::107:treated,0.900000000003308,,,,,,unemp_rate
rel::108:treated,0.400000000003146,,,,,,unemp_rate
rel::109:treated,0.500000000003459,,,,,,unemp_rate
rel::110:treated,0.500000000003315,,,,,,unemp_rate
rel::111:treated,0.200000000003467,,,,,,unemp_rate
rel::112:treated,0.200000000003271,,,,,,unemp_rate
rel::113:treated,3.22764037719026e-12,,,,,,unemp_rate
rel::114:treated,-0.0999999999966636,,,,,,unemp_rate
rel::115:treated,-0.499999999996684,,,,,,unemp_rate
rel::116:treated,-0.299999999996762,,,,,,unemp_rate
rel::117:treated,-0.299999999996639,,,,,,unemp_rate
rel::118:treated,-0.199999999996833,,,,,,unemp_rate
rel::119:treated,-0.699999999996764,,,,,,unemp_rate
rel::120:treated,-0.399999999996661,,,,,,unemp_rate
rel::121:treated,-0.199999999996655,,,,,,unemp_rate
rel::122:treated,-0.699999999996798,,,,,,unemp_rate
rel::123:treated,-0.799999999996747,,,,,,unemp_rate
rel::124:treated,-0.699999999996669,,,,,,unemp_rate
rel::125:treated,-0.299999999996763,,,,,,unemp_rate
rel::126:treated,-0.699999999996835,,,,,,unemp_rate
rel::127:treated,-0.699999999996791,,,,,,unemp_rate
rel::128:treated,-0.49999999999683,,,,,,unemp_rate
rel::129:treated,-0.799999999996798,,,,,,unemp_rate
rel::130:treated,-0.899999999996688,,,,,,unemp_rate
rel::131:treated,-0.499999999996705,,,,,,unemp_rate
rel::132:treated,-0.399999999996694,,,,,,unemp_rate
rel::133:treated,-0.0999999999966783,,,,,,unemp_rate
rel::134:treated,-0.0999999999967596,,,,,,unemp_rate
rel::135:treated,3.34354766096112e-12,,,,,,unemp_rate
rel::136:treated,-0.19999999999684,,,,,,unemp_rate
rel::137:treated,-0.19999999999682,,,,,,unemp_rate
rel::138:treated,-0.299999999996834,,,,,,unemp_rate
rel::139:treated,0.100000000003181,,,,,,unemp_rate
rel::140:treated,-0.0999999999968297,,,,,,unemp_rate
rel::141:treated,-0.499999999996816,,,,,,unemp_rate
rel::142:treated,-0.299999999996818,,,,,,unemp_rate
rel::143:treated,-0.399999999996797,,,,,,unemp_rate
rel::144:treated,-0.499999999996807,,,,,,unemp_rate
rel::145:treated,-0.399999999996818,,,,,,unemp_rate
rel::146:treated,-0.499999999996807,,,,,,unemp_rate
rel::147:treated,-0.59999999999681,,,,,,unemp_rate
rel::148:treated,-0.499999999996823,,,,,,unemp_rate
rel::149:treated,-0.0999999999968249,,,,,,unemp_rate
rel::150:treated,-0.0999999999968089,,,,,,unemp_rate
rel::151:treated,-0.399999999996807,,,,,,unemp_rate
rel::152:treated,-0.199999999996817,,,,,,unemp_rate
rel::153:treated,-0.199999999996834,,,,,,unemp_rate
rel::154:treated,3.2120972548455e-12,,,,,,unemp_rate
rel::155:treated,3.2041036490682e-12,,,,,,unemp_rate
rel::156:treated,-0.199999999996817,,,,,,unemp_rate
rel::157:treated,-0.399999999996799,,,,,,unemp_rate
rel::158:treated,-0.199999999996782,,,,,,unemp_rate
rel::159:treated,-0.499999999996804,,,,,,unemp_rate
rel::160:treated,-0.499999999996782,,,,,,unemp_rate
rel::161:treated,-0.499999999996733,,,,,,unemp_rate
rel::162:treated,-0.499999999996782,,,,,,unemp_rate
rel::163:treated,-0.699999999996781,,,,,,unemp_rate
rel::164:treated,-0.599999999996737,,,,,,unemp_rate
rel::165:treated,-0.299999999996732,,,,,,unemp_rate
rel::166:treated,-1.09999999999675,,,,,,unemp_rate
rel::167:treated,-0.49999999999674,,,,,,unemp_rate
rel::168:treated,-0.699999999996742,,,,,,unemp_rate
rel::169:treated,-0.799999999996716,,,,,,unemp_rate
rel::170:treated,-0.899999999996697,,,,,,unemp_rate
rel::171:treated,-1.09999999999673,,,,,,unemp_rate
rel::172:treated,-0.799999999996737,,,,,,unemp_rate
rel::173:treated,-1.19999999999676,,,,,,unemp_rate
rel::174:treated,-1.19999999999675,,,,,,unemp_rate
rel::175:treated,-0.999999999996787,,,,,,unemp_rate
rel::176:treated,-1.29999999999682,,,,,,unemp_rate
rel::177:treated,-1.49999999999677,,,,,,unemp_rate
rel::178:treated,-1.19999999999676,,,,,,unemp_rate
rel::179:treated,-1.49999999999684,,,,,,unemp_rate
rel::-60:treated,-0.0154610042564323,,,,,,ln_imp
rel::-59:treated,-0.0200069121658296,,,,,,ln_imp
rel::-58:treated,-0.023322066114922,,,,,,ln_imp
rel::-57:treated,-0.0231537502767959,,,,,,ln_imp
rel::-56:treated,-0.0300702484035259,,,,,,ln_imp
rel::-55:treated,-0.0225102762352932,,,,,,ln_imp
rel::-54:treated,-0.0247934131325107,,,,,,ln_imp
rel::-53:treated,-0.0268403389131742,,,,,,ln_imp
rel::-52:treated,-0.0231298658694148,,,,,,ln_imp
rel::-51:treated,-0.0226384380278739,,,,,,ln_imp
rel::-50:treated,-0.0250392042411054,,,,,,ln_imp
rel::-49:treated,-0.0272286944116135,,,,,,ln_imp
rel::-48:treated,-0.0157947824701702,,,,,,ln_imp
rel::-47:treated,-0.0180784211486663,,,,,,ln_imp
rel::-46:treated,-0.0126978915764016,,,,,,ln_imp
rel::-45:treated,-0.0197220399419705,,,,,,ln_imp
rel::-44:treated,-0.01751307136148,,,,,,ln_imp
rel::-43:treated,-0.0174439847063271,,,,,,ln_imp
rel::-42:treated,-0.0160999469483551,,,,,,ln_imp
rel::-41:treated,-0.0260070583887926,,,,,,ln_imp
rel::-40:treated,-0.0191839716752447,,,,,,ln_imp
rel::-39:treated,-0.0155181272488918,,,,,,ln_imp
rel::-38:treated,-0.017935716606231,,,,,,ln_imp
rel::-37:treated,0.00121962377474256,,,,,,ln_imp
rel::-36:treated,-0.00989812810327234,,,,,,ln_imp
rel::-35:treated,-0.0100685464061638,,,,,,ln_imp
rel::-34:treated,-0.0122801122799647,,,,,,ln_imp
rel::-33:treated,-0.0112093446009739,,,,,,ln_imp
rel::-32:treated,-0.0113683763708499,,,,,,ln_imp
rel::-31:treated,-0.0075588866669754,,,,,,ln_imp
rel::-30:treated,-0.00936089847307715,,,,,,ln_imp
rel::-29:treated,-0.00137497175157583,,,,,,ln_imp
rel::-28:treated,-0.000245170457013345,,,,,,ln_imp
rel::-27:treated,-0.00355677148386819,,,,,,ln_imp
rel::-26:treated,-0.00287212922159407,,,,,,ln_imp
rel::-25:treated,-0.00469025619579711,,,,,,ln_imp
rel::-24:treated,-0.00465416555121344,,,,,,ln_imp
rel::-23:treated,-0.00194207521414016,,,,,,ln_imp
rel::-22:treated,0.000140332055404595,,,,,,ln_imp
rel::-21:treated,-0.00152834846194175,,,,,,ln_imp
rel::-20:treated,0.0053034820213419,,,,,,ln_imp
rel::-19:treated,0.000484810259748735,,,,,,ln_imp
rel::-18:treated,0.000210613697729174,,,,,,ln_imp
rel::-17:treated,0.000807867364989053,,,,,,ln_imp
rel::-16:treated,-0.0047881513928475,,,,,,ln_imp
rel::-15:treated,0.00036299582350373,,,,,,ln_imp
rel::-14:treated,0.0045793903933531,,,,,,ln_imp
rel::-13:treated,0.00391644228079187,,,,,,ln_imp
rel::-12:treated,0.00227082116919115,,,,,,ln_imp
rel::-11:treated,0.00227197042696954,,,,,,ln_imp
rel::-10:treated,0.0028668570738148,,,,,,ln_imp
rel::-9:treated,0.00363824659137255,,,,,,ln_imp
rel::-8:treated,0.00188944300069324,,,,,,ln_imp
rel::-7:treated,0.00687440683481793,,,,,,ln_imp
rel::-6:treated,0.00675371385765449,,,,,,ln_imp
rel::-5:treated,0.00547130354161081,,,,,,ln_imp
rel::-4:treated,0.0075722346913272,,,,,,ln_imp
rel::-3:treated,0.000431067934258811,,,,,,ln_imp
rel::-2:treated,0.000221549738168256,,,,,,ln_imp
rel::0:treated,0.0113902457082788,,,,,,ln_imp
rel::1:treated,0.00494574323521447,,,,,,ln_imp
rel::2:treated,0.00449816741204963,,,,,,ln_imp
rel::3:treated,0.00145166814379239,,,,,,ln_imp
rel::4:treated,-0.00120176566738299,,,,,,ln_imp
rel::5:treated,0.00434015615123852,,,,,,ln_imp
rel::6:treated,0.000487849987692026,,,,,,ln_imp
rel::7:treated,-0.000891890882372421,,,,,,ln_imp
rel::8:treated,0.000545289716015983,,,,,,ln_imp
rel::9:treated,0.00331716587576267,,,,,,ln_imp
rel::10:treated,0.00252762676196064,,,,,,ln_imp
rel::11:treated,0.00574478451473385,,,,,,ln_imp
rel::12:treated,0.00680697030785465,,,,,,ln_imp
rel::13:treated,0.00217872293276706,,,,,,ln_imp
rel::14:treated,2.34181951777894e-05,,,,,,ln_imp
rel::15:treated,0.00621796020004905,,,,,,ln_imp
rel::16:treated,0.00131890864647014,,,,,,ln_imp
rel::17:treated,0.0044739735693534,,,,,,ln_imp
rel::18:treated,0.0054773709823091,,,,,,ln_imp
rel::19:treated,0.00291003313575021,,,,,,ln_imp
rel::20:treated,0.00467406089902732,,,,,,ln_imp
rel::21:treated,0.00607971710293784,,,,,,ln_imp
rel::22:treated,0.00317255390764686,,,,,,ln_imp
rel::23:treated,0.00536463736778945,,,,,,ln_imp
rel::24:treated,0.00315178893544905,,,,,,ln_imp
rel::25:treated,0.00439503101710089,,,,,,ln_imp
rel::26:treated,0.00550660496748923,,,,,,ln_imp
rel::27:treated,0.00494539601139746,,,,,,ln_imp
rel::28:treated,0.00674482367106687,,,,,,ln_imp
rel::29:treated,0.00368476235230228,,,,,,ln_imp
rel::30:treated,0.00532233325592941,,,,,,ln_imp
rel::31:treated,0.00296079163780884,,,,,,ln_imp
rel::32:treated,0.00530360638654951,,,,,,ln_imp
rel::33:treated,0.00788132202592956,,,,,,ln_imp
rel::34:treated,0.0094371817998469,,,,,,ln_imp
rel::35:treated,0.00557363195651988,,,,,,ln_imp
rel::36:treated,0.00575029085445798,,,,,,ln_imp
rel::37:treated,0.00639958238856755,,,,,,ln_imp
rel::38:treated,0.00659083403811232,,,,,,ln_imp
rel::39:treated,0.00698043173137451,,,,,,ln_imp
rel::40:treated,0.00901139204289288,,,,,,ln_imp
rel::41:treated,0.00981523186898114,,,,,,ln_imp
rel::42:treated,0.0123596534183126,,,,,,ln_imp
rel::43:treated,0.016538460485843,,,,,,ln_imp
rel::44:treated,0.00531338891174205,,,,,,ln_imp
rel::45:treated,0.0125881089216853,,,,,,ln_imp
rel::46:treated,0.0132433106914787,,,,,,ln_imp
rel::47:treated,0.00634010977830871,,,,,,ln_imp
rel::48:treated,0.0126879253704207,,,,,,ln_imp
rel::49:treated,0.012072371078752,,,,,,ln_imp
rel::50:treated,0.0147652541506312,,,,,,ln_imp
rel::51:treated,0.0115318326773187,,,,,,ln_imp
rel::52:treated,0.0127802506653207,,,,,,ln_imp
rel::53:treated,0.0144860500236039,,,,,,ln_imp
rel::54:treated,0.0160620101493202,,,,,,ln_imp
rel::55:treated,0.0102123756231271,,,,,,ln_imp
rel::56:treated,0.0145183279893935,,,,,,ln_imp
rel::57:treated,0.0104589357418447,,,,,,ln_imp
rel::58:treated,0.0155892456012953,,,,,,ln_imp
rel::59:treated,0.0114069977935077,,,,,,ln_imp
rel::60:treated,0.0128523392972595,,,,,,ln_imp
rel::61:treated,0.00700402424066294,,,,,,ln_imp
rel::62:treated,0.0114697794128636,,,,,,ln_imp
rel::63:treated,0.00961910120615112,,,,,,ln_imp
rel::64:treated,0.00540182288309065,,,,,,ln_imp
rel::65:treated,0.00537728594877666,,,,,,ln_imp
rel::66:treated,0.00326081468511382,,,,,,ln_imp
rel::67:treated,0.00706948525390266,,,,,,ln_imp
rel::68:treated,0.00791679131670539,,,,,,ln_imp
rel::69:treated,0.00435873262872804,,,,,,ln_imp
rel::70:treated,-0.000332517730651951,,,,,,ln_imp
rel::71:treated,0.00248207984822069,,,,,,ln_imp
rel::72:treated,0.00692029370401644,,,,,,ln_imp
rel::73:treated,0.00221130097179745,,,,,,ln_imp
rel::74:treated,0.00305964313103666,,,,,,ln_imp
rel::75:treated,0.00575171552365979,,,,,,ln_imp
rel::76:treated,0.00306834577705778,,,,,,ln_imp
rel::77:treated,0.00426505722367462,,,,,,ln_imp
rel::78:treated,0.00556352546124317,,,,,,ln_imp
rel::79:treated,0.00206855157168407,,,,,,ln_imp
rel::80:treated,0.00501927697097452,,,,,,ln_imp
rel::81:treated,0.00265237198508717,,,,,,ln_imp
rel::82:treated,0.00493316752980002,,,,,,ln_imp
rel::83:treated,-0.000848066116191068,,,,,,ln_imp
rel::84:treated,0.00194980365126277,,,,,,ln_imp
rel::85:treated,0.00488526169542671,,,,,,ln_imp
rel::86:treated,0.00236177288949098,,,,,,ln_imp
rel::87:treated,0.00532046034112852,,,,,,ln_imp
rel::88:treated,0.00947072747009637,,,,,,ln_imp
rel::89:treated,0.00473334446553289,,,,,,ln_imp
rel::90:treated,0.00344614330454479,,,,,,ln_imp
rel::91:treated,0.00791858956856813,,,,,,ln_imp
rel::92:treated,0.00371335933637339,,,,,,ln_imp
rel::93:treated,0.0088170367430213,,,,,,ln_imp
rel::94:treated,0.00747530789743184,,,,,,ln_imp
rel::95:treated,0.00584852616232294,,,,,,ln_imp
rel::96:treated,0.00399473090292193,,,,,,ln_imp
rel::97:treated,0.00427829343089928,,,,,,ln_imp
rel::98:treated,0.00184680936715544,,,,,,ln_imp
rel::99:treated,0.00294992975330724,,,,,,ln_imp
rel::100:treated,0.000838491319849783,,,,,,ln_imp
rel::101:treated,-0.0043545565850098,,,,,,ln_imp
rel::102:treated,0.00185740991994437,,,,,,ln_imp
rel::103:treated,0.00460798466821201,,,,,,ln_imp
rel::104:treated,0.00409118664295865,,,,,,ln_imp
rel::105:treated,0.00213472954618907,,,,,,ln_imp
rel::106:treated,0.00187842910276443,,,,,,ln_imp
rel::107:treated,0.0006448479818149,,,,,,ln_imp
rel::108:treated,-0.00319788613039389,,,,,,ln_imp
rel::109:treated,0.00455397901346102,,,,,,ln_imp
rel::110:treated,0.00430941628485719,,,,,,ln_imp
rel::111:treated,0.000930994275286372,,,,,,ln_imp
rel::112:treated,0.00254425771281292,,,,,,ln_imp
rel::113:treated,0.00302690756656307,,,,,,ln_imp
rel::114:treated,0.00143925202507659,,,,,,ln_imp
rel::115:treated,0.00410166523575999,,,,,,ln_imp
rel::116:treated,-0.0010537362308435,,,,,,ln_imp
rel::117:treated,0.00207525857781069,,,,,,ln_imp
rel::118:treated,0.00598492642506769,,,,,,ln_imp
rel::119:treated,0.00677239713033477,,,,,,ln_imp
rel::120:treated,0.00384945456052715,,,,,,ln_imp
rel::121:treated,0.00329270309029291,,,,,,ln_imp
rel::122:treated,0.0053764315538231,,,,,,ln_imp
rel::123:treated,0.0036062797274258,,,,,,ln_imp
rel::124:treated,0.00550796879096914,,,,,,ln_imp
rel::125:treated,0.0031877635410097,,,,,,ln_imp
rel::126:treated,0.00127441026035879,,,,,,ln_imp
rel::127:treated,0.00298272367514909,,,,,,ln_imp
rel::128:treated,0.00225123877526744,,,,,,ln_imp
rel::129:treated,0.00144071597130999,,,,,,ln_imp
rel::130:treated,0.002434226441814,,,,,,ln_imp
rel::131:treated,0.000415303871026183,,,,,,ln_imp
rel::132:treated,0.0060542787618416,,,,,,ln_imp
rel::133:treated,0.00660756568625827,,,,,,ln_imp
rel::134:treated,-0.000226152360052539,,,,,,ln_imp
rel::135:treated,-0.0172895101191747,,,,,,ln_imp
rel::136:treated,-0.0172810794312278,,,,,,ln_imp
rel::137:treated,0.000189724492744453,,,,,,ln_imp
rel::138:treated,6.09172203780112e-05,,,,,,ln_imp
rel::139:treated,0.0044333076549317,,,,,,ln_imp
rel::140:treated,0.00689557344476573,,,,,,ln_imp
rel::141:treated,0.00245275818750171,,,,,,ln_imp
rel::142:treated,0.00017015212411737,,,,,,ln_imp
rel::143:treated,0.00123111127101455,,,,,,ln_imp
rel::144:treated,0.00512397939004683,,,,,,ln_imp
rel::145:treated,0.00396071041642776,,,,,,ln_imp
rel::146:treated,-0.000271000343928651,,,,,,ln_imp
rel::147:treated,0.00371009904431031,,,,,,ln_imp
rel::148:treated,-0.00240784145465303,,,,,,ln_imp
rel::149:treated,-0.000264779014515195,,,,,,ln_imp
rel::150:treated,0.00354387593050326,,,,,,ln_imp
rel::151:treated,-0.00493601362838379,,,,,,ln_imp
rel::152:treated,-0.00369151375459006,,,,,,ln_imp
rel::153:treated,-0.00114396132978281,,,,,,ln_imp
rel::154:treated,0.00341214559525966,,,,,,ln_imp
rel::155:treated,0.0059956539510186,,,,,,ln_imp
rel::156:treated,0.00473705780364758,,,,,,ln_imp
rel::157:treated,0.00361360819803509,,,,,,ln_imp
rel::158:treated,0.00138972792511084,,,,,,ln_imp
rel::159:treated,0.000250420016977297,,,,,,ln_imp
rel::160:treated,0.000616222866627587,,,,,,ln_imp
rel::161:treated,-0.00190738173106258,,,,,,ln_imp
rel::162:treated,-0.000401163135360063,,,,,,ln_imp
rel::163:treated,-0.00438852914336484,,,,,,ln_imp
rel::164:treated,-0.00222635467046443,,,,,,ln_imp
rel::165:treated,-0.00470610946368384,,,,,,ln_imp
rel::166:treated,-0.000375366817212998,,,,,,ln_imp
rel::167:treated,0.000930699346977046,,,,,,ln_imp
rel::168:treated,0.00409020375614744,,,,,,ln_imp
rel::169:treated,0.00287608105101757,,,,,,ln_imp
rel::170:treated,0.001013764783835,,,,,,ln_imp
rel::171:treated,0.00167539252257407,,,,,,ln_imp
rel::172:treated,0.00204323421328827,,,,,,ln_imp
rel::173:treated,0.00396566953876475,,,,,,ln_imp
rel::174:treated,0.000389887415494377,,,,,,ln_imp
rel::175:treated,0.00378418423730074,,,,,,ln_imp
rel::176:treated,0.00527212645214757,,,,,,ln_imp
rel::177:treated,0.00499625981910844,,,,,,ln_imp
rel::178:treated,5.97293844378046e-05,,,,,,ln_imp
rel::179:treated,0.00155532497561312,,,,,,ln_imp
rel::-60:treated,-0.0106361196961891,,,,,,ln_exp
rel::-59:treated,-0.0185992484629649,,,,,,ln_exp
rel::-58:treated,-0.0195876889760192,,,,,,ln_exp
rel::-57:treated,-0.0202070410381046,,,,,,ln_exp
rel::-56:treated,-0.022976033121386,,,,,,ln_exp
rel::-55:treated,-0.0283688683587881,,,,,,ln_exp
rel::-54:treated,-0.0291189235758384,,,,,,ln_exp
rel::-53:treated,-0.0285447507592514,,,,,,ln_exp
rel::-52:treated,-0.0240859351515416,,,,,,ln_exp
rel::-51:treated,-0.0228938439587013,,,,,,ln_exp
rel::-50:treated,-0.0266432740871202,,,,,,ln_exp
rel::-49:treated,-0.031652951367863,,,,,,ln_exp
rel::-48:treated,-0.024312976790408,,,,,,ln_exp
rel::-47:treated,-0.0240543053963684,,,,,,ln_exp
rel::-46:treated,-0.0246619409931652,,,,,,ln_exp
rel::-45:treated,-0.0239209230870377,,,,,,ln_exp
rel::-44:treated,-0.0238378241231045,,,,,,ln_exp
rel::-43:treated,-0.021048216658288,,,,,,ln_exp
rel::-42:treated,-0.0194611529942609,,,,,,ln_exp
rel::-41:treated,-0.0214717912403688,,,,,,ln_exp
rel::-40:treated,-0.0168939874152551,,,,,,ln_exp
rel::-39:treated,-0.0195475743495801,,,,,,ln_exp
rel::-38:treated,-0.0164407548939564,,,,,,ln_exp
rel::-37:treated,-0.0173928442248467,,,,,,ln_exp
rel::-36:treated,-0.020348241054615,,,,,,ln_exp
rel::-35:treated,-0.0188095421699338,,,,,,ln_exp
rel::-34:treated,-0.0139094735029627,,,,,,ln_exp
rel::-33:treated,-0.0164342804168534,,,,,,ln_exp
rel::-32:treated,-0.0140794966184523,,,,,,ln_exp
rel::-31:treated,-0.00945344538614131,,,,,,ln_exp
rel::-30:treated,-0.00917239433468074,,,,,,ln_exp
rel::-29:treated,-0.00258641306562779,,,,,,ln_exp
rel::-28:treated,-0.00498049542083737,,,,,,ln_exp
rel::-27:treated,-0.00444157612453957,,,,,,ln_exp
rel::-26:treated,-0.00625875002976078,,,,,,ln_exp
rel::-25:treated,-0.00575671972858775,,,,,,ln_exp
rel::-24:treated,0.00100093534793794,,,,,,ln_exp
rel::-23:treated,-0.00443371114048264,,,,,,ln_exp
rel::-22:treated,-0.000265432712406776,,,,,,ln_exp
rel::-21:treated,-0.000537073502441068,,,,,,ln_exp
rel::-20:treated,0.00340024015543085,,,,,,ln_exp
rel::-19:treated,-0.00207904291571978,,,,,,ln_exp
rel::-18:treated,0.00123846742384552,,,,,,ln_exp
rel::-17:treated,-0.00265935628114426,,,,,,ln_exp
rel::-16:treated,-0.00466891666615005,,,,,,ln_exp
rel::-15:treated,0.00148760347098883,,,,,,ln_exp
rel::-14:treated,0.00146028882876128,,,,,,ln_exp
rel::-13:treated,0.00138164925220536,,,,,,ln_exp
rel::-12:treated,0.00146693461816933,,,,,,ln_exp
rel::-11:treated,0.00292385932331926,,,,,,ln_exp
rel::-10:treated,-0.000627690443148846,,,,,,ln_exp
rel::-9:treated,0.000482322187163121,,,,,,ln_exp
rel::-8:treated,0.00212265667801348,,,,,,ln_exp
rel::-7:treated,0.0033259571244133,,,,,,ln_exp
rel::-6:treated,0.00185357190957601,,,,,,ln_exp
rel::-5:treated,0.00602074822775531,,,,,,ln_exp
rel::-4:treated,0.00764186173341547,,,,,,ln_exp
rel::-3:treated,0.00686988025232149,,,,,,ln_exp
rel::-2:treated,0.000922230673999903,,,,,,ln_exp
rel::0:treated,0.00410520703575539,,,,,,ln_exp
rel::1:treated,0.0047901699646944,,,,,,ln_exp
rel::2:treated,0.000776042013636405,,,,,,ln_exp
rel::3:treated,0.00690545033445817,,,,,,ln_exp
rel::4:treated,-0.000415948363561302,,,,,,ln_exp
rel::5:treated,-0.000817019094495252,,,,,,ln_exp
rel::6:treated,-0.00364180010094265,,,,,,ln_exp
rel::7:treated,0.00173565605329713,,,,,,ln_exp
rel::8:treated,0.00162739784223126,,,,,,ln_exp
rel::9:treated,0.00683382560908275,,,,,,ln_exp
rel::10:treated,0.0039129040712386,,,,,,ln_exp
rel::11:treated,0.00917068514199628,,,,,,ln_exp
rel::12:treated,0.0029282483569946,,,,,,ln_exp
rel::13:treated,0.00334298777885208,,,,,,ln_exp
rel::14:treated,0.00479713155981272,,,,,,ln_exp
rel::15:treated,0.00694003050095572,,,,,,ln_exp
rel::16:treated,0.00408868985913852,,,,,,ln_exp
rel::17:treated,0.00486390687197589,,,,,,ln_exp
rel::18:treated,0.00424612809140999,,,,,,ln_exp
rel::19:treated,0.000580611896358463,,,,,,ln_exp
rel::20:treated,0.0054808313430056,,,,,,ln_exp
rel::21:treated,0.00413042002170491,,,,,,ln_exp
rel::22:treated,0.0072098319678802,,,,,,ln_exp
rel::23:treated,0.00806410540171962,,,,,,ln_exp
rel::24:treated,0.00196479288028325,,,,,,ln_exp
rel::25:treated,0.00497891201735146,,,,,,ln_exp
rel::26:treated,0.00541364152555857,,,,,,ln_exp
rel::27:treated,0.00245869567637781,,,,,,ln_exp
rel::28:treated,0.00330398186969896,,,,,,ln_exp
rel::29:treated,0.00341444673508848,,,,,,ln_exp
rel::30:treated,0.000775899922376764,,,,,,ln_exp
rel::31:treated,0.00519558553214783,,,,,,ln_exp
rel::32:treated,0.00678836271031728,,,,,,ln_exp
rel::33:treated,0.00565912816065636,,,,,,ln_exp
rel::34:treated,0.00875871565096876,,,,,,ln_exp
rel::35:treated,0.00835043626369771,,,,,,ln_exp
rel::36:treated,0.0047198619445166,,,,,,ln_exp
rel::37:treated,0.00688149590516651,,,,,,ln_exp
rel::38:treated,0.00679681542492067,,,,,,ln_exp
rel::39:treated,0.00893399596520944,,,,,,ln_exp
rel::40:treated,0.012084919023022,,,,,,ln_exp
rel::41:treated,0.012612481158943,,,,,,ln_exp
rel::42:treated,0.0120826523091763,,,,,,ln_exp
rel::43:treated,0.0103459272814116,,,,,,ln_exp
rel::44:treated,0.00856095017028009,,,,,,ln_exp
rel::45:treated,0.0122391404155942,,,,,,ln_exp
rel::46:treated,0.0142212050550994,,,,,,ln_exp
rel::47:treated,0.0110262627418033,,,,,,ln_exp
rel::48:treated,0.0131951871957767,,,,,,ln_exp
rel::49:treated,0.0131057155240957,,,,,,ln_exp
rel::50:treated,0.0130762950476588,,,,,,ln_exp
rel::51:treated,0.0147176484048698,,,,,,ln_exp
rel::52:treated,0.017131931889435,,,,,,ln_exp
rel::53:treated,0.0122225676517843,,,,,,ln_exp
rel::54:treated,0.0137383073679641,,,,,,ln_exp
rel::55:treated,0.00881676086244044,,,,,,ln_exp
rel::56:treated,0.0126025244515476,,,,,,ln_exp
rel::57:treated,0.0108947749535701,,,,,,ln_exp
rel::58:treated,0.0148082180942699,,,,,,ln_exp
rel::59:treated,0.00914950574622576,,,,,,ln_exp
rel::60:treated,0.012241963933126,,,,,,ln_exp
rel::61:treated,0.00943246752317583,,,,,,ln_exp
rel::62:treated,0.00773093311919426,,,,,,ln_exp
rel::63:treated,0.00867468819258311,,,,,,ln_exp
rel::64:treated,0.00882680821587574,,,,,,ln_exp
rel::65:treated,0.00532976209247605,,,,,,ln_exp
rel::66:treated,0.0048612604758521,,,,,,ln_exp
rel::67:treated,0.00680936916877889,,,,,,ln_exp
rel::68:treated,0.00640651844273037,,,,,,ln_exp
rel::69:treated,0.00422043866584154,,,,,,ln_exp
rel::70:treated,0.00241740506796589,,,,,,ln_exp
rel::71:treated,0.00270141026015587,,,,,,ln_exp
rel::72:treated,0.00774338951311684,,,,,,ln_exp
rel::73:treated,0.00362736358840467,,,,,,ln_exp
rel::74:treated,0.0042250733152559,,,,,,ln_exp
rel::75:treated,0.00241807640602951,,,,,,ln_exp
rel::76:treated,0.00362783820250224,,,,,,ln_exp
rel::77:treated,0.00424529478279243,,,,,,ln_exp
rel::78:treated,0.00525023431067508,,,,,,ln_exp
rel::79:treated,0.00135850802948225,,,,,,ln_exp
rel::80:treated,0.000779683737081361,,,,,,ln_exp
rel::81:treated,-0.0009132721190713,,,,,,ln_exp
rel::82:treated,0.00248930154846566,,,,,,ln_exp
rel::83:treated,0.000953069062027316,,,,,,ln_exp
rel::84:treated,-0.00149946346753689,,,,,,ln_exp
rel::85:treated,0.00163719996646961,,,,,,ln_exp
rel::86:treated,-0.00162427112219895,,,,,,ln_exp
rel::87:treated,0.00392163188476043,,,,,,ln_exp
rel::88:treated,0.00498301793902802,,,,,,ln_exp
rel::89:treated,0.00447646226903722,,,,,,ln_exp
rel::90:treated,-0.00136576490021586,,,,,,ln_exp
rel::91:treated,0.00587349486796012,,,,,,ln_exp
rel::92:treated,0.00474597784093065,,,,,,ln_exp
rel::93:treated,0.00549435430889868,,,,,,ln_exp
rel::94:treated,0.00701109017640015,,,,,,ln_exp
rel::95:treated,0.00343053941567318,,,,,,ln_exp
rel::96:treated,-0.00097120189382417,,,,,,ln_exp
rel::97:treated,-0.00019852363795898,,,,,,ln_exp
rel::98:treated,0.00167822749694038,,,,,,ln_exp
rel::99:treated,0.00322274544148318,,,,,,ln_exp
rel::100:treated,-0.00315193159447276,,,,,,ln_exp
rel::101:treated,-0.00302567628606108,,,,,,ln_exp
rel::102:treated,-0.000734321359929672,,,,,,ln_exp
rel::103:treated,0.000778761393719051,,,,,,ln_exp
rel::104:treated,0.00372742587288306,,,,,,ln_exp
rel::105:treated,0.00249856909962885,,,,,,ln_exp
rel::106:treated,0.00342601324258611,,,,,,ln_exp
rel::107:treated,-0.00294326125417058,,,,,,ln_exp
rel::108:treated,-0.00688873031397894,,,,,,ln_exp
rel::109:treated,-0.000134851708819615,,,,,,ln_exp
rel::110:treated,0.00448074995586368,,,,,,ln_exp
rel::111:treated,0.000825475998412659,,,,,,ln_exp
rel::112:treated,0.00381668870815759,,,,,,ln_exp
rel::113:treated,0.0035009234019756,,,,,,ln_exp
rel::114:treated,0.00298940330417249,,,,,,ln_exp
rel::115:treated,0.00242999839332916,,,,,,ln_exp
rel::116:treated,0.000543989148667292,,,,,,ln_exp
rel::117:treated,3.61579146246477e-05,,,,,,ln_exp
rel::118:treated,0.0010819534319672,,,,,,ln_exp
rel::119:treated,0.00198633823370457,,,,,,ln_exp
rel::120:treated,0.00428603332881165,,,,,,ln_exp
rel::121:treated,0.00181243698958376,,,,,,ln_exp
rel::122:treated,0.00341328631360663,,,,,,ln_exp
rel::123:treated,-0.00262573763105466,,,,,,ln_exp
rel::124:treated,-0.0023207545299547,,,,,,ln_exp
rel::125:treated,-0.00169791446105004,,,,,,ln_exp
rel::126:treated,-0.00690797633513383,,,,,,ln_exp
rel::127:treated,-0.00379096204093765,,,,,,ln_exp
rel::128:treated,-0.00372149360082953,,,,,,ln_exp
rel::129:treated,-0.00187069062103472,,,,,,ln_exp
rel::130:treated,0.000265055140330237,,,,,,ln_exp
rel::131:treated,0.000753861637959139,,,,,,ln_exp
rel::132:treated,0.00296145634914823,,,,,,ln_exp
rel::133:treated,0.00165937321767015,,,,,,ln_exp
rel::134:treated,-0.00488748258813632,,,,,,ln_exp
rel::135:treated,-0.0218840849449583,,,,,,ln_exp
rel::136:treated,-0.0131626241825179,,,,,,ln_exp
rel::137:treated,0.00268467146514223,,,,,,ln_exp
rel::138:treated,-0.00143277904831891,,,,,,ln_exp
rel::139:treated,0.00733975637224786,,,,,,ln_exp
rel::140:treated,0.00690769397919317,,,,,,ln_exp
rel::141:treated,0.000398455909249505,,,,,,ln_exp
rel::142:treated,-0.00535164059760557,,,,,,ln_exp
rel::143:treated,-0.000760438006401524,,,,,,ln_exp
rel::144:treated,0.00355789079748431,,,,,,ln_exp
rel::145:treated,0.00338085767759571,,,,,,ln_exp
rel::146:treated,0.00412840564146233,,,,,,ln_exp
rel::147:treated,9.74121501721064e-05,,,,,,ln_exp
rel::148:treated,-0.00606114433454418,,,,,,ln_exp
rel::149:treated,0.00236239822514691,,,,,,ln_exp
rel::150:treated,0.00351222181492671,,,,,,ln_exp
rel::151:treated,-0.00206640389589068,,,,,,ln_exp
rel::152:treated,-0.00193515535052362,,,,,,ln_exp
rel::153:treated,0.00137163560021945,,,,,,ln_exp
rel::154:treated,0.0025644118775632,,,,,,ln_exp
rel::155:treated,0.00807416202193063,,,,,,ln_exp
rel::156:treated,0.00392646810173373,,,,,,ln_exp
rel::157:treated,0.00482197358435534,,,,,,ln_exp
rel::158:treated,0.00234299524347084,,,,,,ln_exp
rel::159:treated,0.00209753854860887,,,,,,ln_exp
rel::160:treated,0.00415194562337999,,,,,,ln_exp
rel::161:treated,-0.00197943057233291,,,,,,ln_exp
rel::162:treated,0.00104560849699727,,,,,,ln_exp
rel::163:treated,2.38514682439942e-05,,,,,,ln_exp
rel::164:treated,-0.0023375369836623,,,,,,ln_exp
rel::165:treated,-0.000908526682917606,,,,,,ln_exp
rel::166:treated,-0.0012029337044854,,,,,,ln_exp
rel::167:treated,-0.00236466388153243,,,,,,ln_exp
rel::168:treated,0.000900845614378605,,,,,,ln_exp
rel::169:treated,0.00313665885081103,,,,,,ln_exp
rel::170:treated,0.0069913211360214,,,,,,ln_exp
rel::171:treated,0.0035717942618376,,,,,,ln_exp
rel::172:treated,0.00544881516421673,,,,,,ln_exp
rel::173:treated,0.00426474505242954,,,,,,ln_exp
rel::174:treated,0.00438174039078825,,,,,,ln_exp
rel::175:treated,0.00618941020604539,,,,,,ln_exp
rel::176:treated,0.00508558755325822,,,,,,ln_exp
rel::177:treated,0.00322270615641545,,,,,,ln_exp
rel::178:treated,-0.000453544817305112,,,,,,ln_exp
rel::179:treated,0.00147261380103071,,,,,,ln_exp
